mote_id,time_window,PDR,control_msg_rate,parent_change_rate,rank_change_rate,label,anomaly,anomaly_score,intent
1,0,1.0,17,1,1,0,0,0.04970632815158427,Normal
1,0,1.0,0,18,0,1,1,-0.11478372473814102,Topology Disruption
1,1,1.0,18,0,1,0,0,0.05640008606171476,Normal
1,1,1.0,0,18,0,1,1,-0.11478372473814102,Topology Disruption
1,2,1.0,18,0,1,0,0,0.05640008606171476,Normal
1,2,1.0,0,18,0,1,1,-0.11478372473814102,Topology Disruption
1,3,1.0,18,0,1,0,0,0.05640008606171476,Normal
1,3,1.0,0,18,0,1,1,-0.11478372473814102,Topology Disruption
1,4,1.0,18,0,1,0,0,0.05640008606171476,Normal
1,4,1.0,0,18,0,1,1,-0.11478372473814102,Topology Disruption
1,5,1.0,18,0,1,0,0,0.05640008606171476,Normal
1,5,0.7,12,6,1,1,1,-0.03554786225273088,Topology Disruption
1,6,1.0,18,0,1,0,0,0.05640008606171476,Normal
1,6,0.85,18,0,1,1,1,-0.08560246163816665,Normal
1,7,1.0,18,0,1,0,0,0.05640008606171476,Normal
1,7,0.925,18,0,1,1,1,-0.08560246163816665,Normal
1,8,1.0,18,0,1,0,0,0.05640008606171476,Normal
1,8,0.95,18,0,1,1,1,-0.08560246163816665,Normal
1,9,1.0,18,0,1,0,0,0.05640008606171476,Normal
1,9,0.95,18,0,1,1,1,-0.08560246163816665,Normal
1,10,1.0,19,0,1,0,0,0.05279278108998875,Normal
1,10,0.95,18,0,1,1,1,-0.08560246163816665,Normal
1,11,1.0,18,0,1,0,0,0.05640008606171476,Normal
1,11,0.9545,18,0,1,1,1,-0.08560246163816665,Normal
1,12,1.0,17,0,1,0,0,0.05640008606171476,Normal
1,12,0.9615,17,0,1,1,1,-0.043558264678394965,Normal
1,13,1.0,18,0,1,0,0,0.05640008606171476,Normal
1,13,0.9667,18,0,1,1,1,-0.005050641821736757,Normal
1,14,1.0,18,0,1,0,0,0.05640008606171476,Normal
1,14,0.9647,18,0,1,1,1,-0.029269973128383087,Normal
1,15,1.0,19,0,1,0,0,0.05279278108998875,Normal
1,15,0.9684,18,0,1,1,1,-0.0028029868779383404,Normal
1,16,0.9967,18,0,1,0,0,0.1014541792649154,Normal
1,16,0.97,18,0,1,1,1,-0.0019397780035681489,Normal
1,17,0.9969,17,0,1,0,0,0.10298319926418864,Normal
1,17,0.9727,18,0,1,1,1,-0.004040131912269707,Normal
1,18,0.9971,18,0,1,0,0,0.10145500434072141,Normal
1,18,0.975,17,0,1,1,1,-0.0012368018043096285,Normal
1,19,0.9971,18,0,1,0,0,0.10145500434072141,Normal
1,19,0.9769,19,0,1,1,0,0.0054655576109646775,Normal
1,20,0.9973,18,0,1,0,0,0.10610133481766859,Normal
1,20,0.9778,17,0,1,1,0,0.013584010316485262,Normal
1,21,0.9974,18,0,1,0,0,0.1057034717732463,Normal
1,21,0.9759,18,0,1,1,0,0.0019985973474164753,Normal
1,22,0.9976,18,0,1,0,0,0.10439854288012662,Normal
1,22,0.9774,18,0,1,1,0,0.00939700183744352,Normal
1,23,0.9977,18,0,1,0,0,0.10589860646052579,Normal
1,23,0.9788,19,0,1,1,0,0.020251107155078052,Normal
1,24,0.9977,18,0,1,0,0,0.10589860646052579,Normal
1,24,0.9771,18,0,1,1,0,0.006143234632577599,Normal
1,25,0.9978,18,0,1,0,0,0.10917145737833023,Normal
1,25,0.9784,18,0,1,1,0,0.021830159100826974,Normal
1,26,0.9979,18,0,1,0,0,0.10736601000973206,Normal
1,26,0.9789,17,0,1,1,0,0.021830159100826974,Normal
1,27,0.998,18,0,1,0,0,0.10767467688327065,Normal
1,27,0.98,18,0,1,1,0,0.02936687788245329,Normal
1,28,0.9981,18,0,1,0,0,0.105403433208691,Normal
1,28,0.981,19,0,1,1,0,0.035875102566358286,Normal
1,29,0.9981,18,0,1,0,0,0.105403433208691,Normal
1,29,0.9795,18,0,1,1,0,0.026643609132142365,Normal
1,30,0.9982,18,0,1,0,0,0.10168770850375697,Normal
1,30,0.98,17,0,1,1,0,0.02936687788245329,Normal
1,31,0.9893,9,0,1,0,1,-0.029153781530262823,Normal
1,31,0.9809,18,0,1,1,0,0.03532576075331184,Normal
1,32,0.9816,18,0,1,1,0,0.03811193625790421,Normal
1,33,0.982,7,0,1,1,1,-0.046022162922880194,Normal
2,0,1.0,17,1,1,0,0,0.04970632815158427,Normal
2,0,1.0,16,1,1,1,0,0.04970632815158427,Normal
2,1,1.0,18,0,1,0,0,0.05640008606171476,Normal
2,1,1.0,19,0,1,1,0,0.05279278108998875,Normal
2,2,1.0,18,0,1,0,0,0.05640008606171476,Normal
2,2,1.0,18,0,1,1,0,0.05640008606171476,Normal
2,3,1.0,18,0,1,0,0,0.05640008606171476,Normal
2,3,1.0,17,0,1,1,0,0.05640008606171476,Normal
2,4,1.0,18,0,1,0,0,0.05640008606171476,Normal
2,4,1.0,18,0,1,1,0,0.05640008606171476,Normal
2,5,1.0,18,0,1,0,0,0.05640008606171476,Normal
2,5,1.0,18,0,1,1,0,0.05640008606171476,Normal
2,6,1.0,18,0,1,0,0,0.05640008606171476,Normal
2,6,0.975,18,0,1,1,1,-0.0012368018043096285,Normal
2,7,1.0,18,0,1,0,0,0.05640008606171476,Normal
2,7,0.9786,18,0,1,1,0,0.021830159100826974,Normal
2,8,1.0,18,0,1,0,0,0.05640008606171476,Normal
2,8,0.98,18,0,1,1,0,0.02936687788245329,Normal
2,9,1.0,18,0,1,0,0,0.05640008606171476,Normal
2,9,0.9765,18,0,1,1,0,0.00587072164162461,Normal
2,10,1.0,18,0,1,0,0,0.05640008606171476,Normal
2,10,0.9789,18,0,1,1,0,0.021830159100826974,Normal
2,11,1.0,18,0,1,0,0,0.05640008606171476,Normal
2,11,0.981,19,0,1,1,0,0.035875102566358286,Normal
2,12,1.0,18,0,1,0,0,0.05640008606171476,Normal
2,12,0.9826,17,0,1,1,0,0.036592114548037125,Normal
2,13,1.0,18,0,1,0,0,0.05640008606171476,Normal
2,13,0.984,19,0,1,1,0,0.03140462813564626,Normal
2,14,1.0,17,0,1,0,0,0.05640008606171476,Normal
2,14,0.9846,18,0,1,1,0,0.03617909561115007,Normal
2,15,1.0,18,0,1,0,0,0.05640008606171476,Normal
2,15,0.9857,17,0,1,1,0,0.037281157875466375,Normal
2,16,1.0,18,0,1,0,0,0.05640008606171476,Normal
2,16,0.9867,18,0,1,1,0,0.040020887713541176,Normal
2,17,1.0,18,0,1,0,0,0.05640008606171476,Normal
2,17,0.9875,19,0,1,1,0,0.05421980447733943,Normal
2,18,1.0,18,0,1,0,0,0.05640008606171476,Normal
2,18,0.9879,17,0,1,1,0,0.060837275505759236,Normal
2,19,0.9971,18,0,1,0,0,0.10145500434072141,Normal
2,19,0.9829,19,0,1,1,0,0.0350991562644426,Normal
2,20,0.9973,18,0,1,0,0,0.10610133481766859,Normal
2,20,0.9838,17,0,1,1,0,0.03287333071296028,Normal
2,21,0.9974,18,0,1,0,0,0.1057034717732463,Normal
2,21,0.9846,18,0,1,1,0,0.03617909561115007,Normal
2,22,0.9976,18,0,1,0,0,0.10439854288012662,Normal
2,22,0.9854,18,0,1,1,0,0.03626901448063813,Normal
2,23,0.9977,19,0,1,0,0,0.10261707239335449,Normal
2,23,0.9857,17,0,1,1,0,0.037281157875466375,Normal
2,24,0.9977,17,0,1,0,0,0.10589860646052579,Normal
2,24,0.9864,18,0,1,1,0,0.038286008464440524,Normal
2,25,0.9978,18,0,1,0,0,0.10917145737833023,Normal
2,25,0.987,18,0,1,1,0,0.047607156416054175,Normal
2,26,0.9979,18,0,1,0,0,0.10736601000973206,Normal
2,26,0.9875,18,0,1,1,0,0.057817779006272274,Normal
2,27,0.998,18,0,1,0,0,0.10767467688327065,Normal
2,27,0.988,18,0,1,1,0,0.060653602370384085,Normal
2,28,0.998,18,0,1,0,0,0.10767467688327065,Normal
2,28,0.9882,19,0,1,1,0,0.05960615778827927,Normal
2,29,0.9981,17,0,1,0,0,0.105403433208691,Normal
2,29,0.9887,18,0,1,1,0,0.07053252925333453,Normal
2,30,0.9982,19,0,1,0,0,0.09837846071857337,Normal
2,30,0.9891,18,0,1,1,0,0.07037007055960687,Normal
2,31,0.9946,9,0,1,0,1,-0.015006240233601753,Normal
2,31,0.9895,18,0,1,1,0,0.07521833790395982,Normal
2,32,0.9898,18,0,1,1,0,0.07765030126158567,Normal
2,33,1.0,6,0,1,1,1,-0.036155046067616436,Normal
3,0,1.0,16,2,1,0,0,0.04477795742112156,Normal
3,0,1.0,0,18,0,1,1,-0.11478372473814102,Topology Disruption
3,1,1.0,17,0,1,0,0,0.05640008606171476,Normal
3,1,1.0,0,17,0,1,1,-0.11478372473814102,Topology Disruption
3,2,1.0,19,0,1,0,0,0.05279278108998875,Normal
3,2,1.0,0,18,0,1,1,-0.11478372473814102,Topology Disruption
3,3,1.0,18,0,1,0,0,0.05640008606171476,Normal
3,3,1.0,0,18,0,1,1,-0.11478372473814102,Topology Disruption
3,4,1.0,17,0,1,0,0,0.05640008606171476,Normal
3,4,1.0,0,17,0,1,1,-0.11478372473814102,Topology Disruption
3,5,1.0,19,0,1,0,0,0.05279278108998875,Normal
3,5,0.7,12,6,1,1,1,-0.03554786225273088,Topology Disruption
3,6,1.0,18,0,1,0,0,0.05640008606171476,Normal
3,6,0.7,17,2,1,1,1,-0.09241840789343692,Normal
3,7,1.0,18,0,1,0,0,0.05640008606171476,Normal
3,7,0.625,14,4,1,1,1,-0.09847666157186619,Normal
3,8,1.0,18,0,1,0,0,0.05640008606171476,Normal
3,8,0.7167,18,0,1,1,1,-0.08560246163816665,Normal
3,9,1.0,18,0,1,0,0,0.05640008606171476,Normal
3,9,0.7571,17,0,1,1,1,-0.08560246163816665,Normal
3,10,1.0,18,0,1,0,0,0.05640008606171476,Normal
3,10,0.7778,18,0,1,1,1,-0.08560246163816665,Normal
3,11,1.0,18,0,1,0,0,0.05640008606171476,Normal
3,11,0.77,14,4,1,1,1,-0.09847666157186619,Normal
3,12,1.0,18,0,1,0,0,0.05640008606171476,Normal
3,12,0.7727,9,9,1,1,1,-0.14212760012641223,Topology Disruption
3,13,1.0,18,0,1,0,0,0.05640008606171476,Normal
3,13,0.725,4,14,1,1,1,-0.14819961320106978,Topology Disruption
3,14,1.0,18,0,1,0,0,0.05640008606171476,Normal
3,14,0.6846,8,11,1,1,1,-0.12770010574639967,Topology Disruption
3,15,1.0,18,0,1,0,0,0.05640008606171476,Normal
3,15,0.6357,17,0,1,1,1,-0.08560246163816665,Normal
3,16,1.0,18,0,1,0,0,0.05640008606171476,Normal
3,16,0.5563,18,0,1,1,1,-0.08560246163816665,Normal
3,17,1.0,18,0,1,0,0,0.05640008606171476,Normal
3,17,0.4944,18,0,1,1,1,-0.08560246163816665,Silent Packet Drop
3,18,1.0,18,0,1,0,0,0.05640008606171476,Normal
3,18,0.445,18,0,1,1,1,-0.08560246163816665,Silent Packet Drop
3,19,1.0,18,0,1,0,0,0.05640008606171476,Normal
3,19,0.4238,18,0,1,1,1,-0.08560246163816665,Silent Packet Drop
3,20,1.0,19,0,1,0,0,0.05279278108998875,Normal
3,20,0.387,19,0,1,1,1,-0.08700463365005506,Silent Packet Drop
3,21,1.0,18,0,1,0,0,0.05640008606171476,Normal
3,21,0.356,18,0,1,1,1,-0.08560246163816665,Silent Packet Drop
3,22,1.0,18,0,1,0,0,0.05640008606171476,Normal
3,22,0.3296,18,0,1,1,1,-0.08560246163816665,Silent Packet Drop
3,23,1.0,18,0,1,0,0,0.05640008606171476,Normal
3,23,0.3069,18,0,1,1,1,-0.08560246163816665,Silent Packet Drop
3,24,1.0,18,0,1,0,0,0.05640008606171476,Normal
3,24,0.2967,17,1,1,1,1,-0.09204477134151656,Silent Packet Drop
3,25,1.0,18,0,1,0,0,0.05640008606171476,Normal
3,25,0.3312,17,1,1,1,1,-0.09204477134151656,Silent Packet Drop
3,26,1.0,18,0,1,0,0,0.05640008606171476,Normal
3,26,0.35,14,5,1,1,1,-0.10115187645000379,Silent Packet Drop
3,27,1.0,18,0,1,0,0,0.05640008606171476,Normal
3,27,0.3686,18,0,1,1,1,-0.08560246163816665,Silent Packet Drop
3,28,1.0,18,0,1,0,0,0.05640008606171476,Normal
3,28,0.3946,17,1,1,1,1,-0.09204477134151656,Silent Packet Drop
3,29,1.0,18,0,1,0,0,0.05640008606171476,Normal
3,29,0.4154,16,3,1,1,1,-0.09667510740811447,Silent Packet Drop
3,30,1.0,18,0,1,0,0,0.05640008606171476,Normal
3,30,1.0,0,18,0,1,1,-0.11478372473814102,Topology Disruption
3,31,1.0,9,0,1,0,1,-0.03292716376179905,Normal
3,31,1.0,0,18,0,1,1,-0.11478372473814102,Topology Disruption
3,32,1.0,8,10,1,1,1,-0.06813098108828375,Topology Disruption
3,33,0.415,4,3,1,1,1,-0.12843059483030217,Silent Packet Drop
4,0,1.0,17,1,1,0,0,0.04970632815158427,Normal
4,0,1.0,0,18,0,1,1,-0.11478372473814102,Topology Disruption
4,1,1.0,18,0,1,0,0,0.05640008606171476,Normal
4,1,1.0,0,18,0,1,1,-0.11478372473814102,Topology Disruption
4,2,1.0,18,0,1,0,0,0.05640008606171476,Normal
4,2,1.0,0,18,0,1,1,-0.11478372473814102,Topology Disruption
4,3,1.0,18,0,1,0,0,0.05640008606171476,Normal
4,3,1.0,0,18,0,1,1,-0.11478372473814102,Topology Disruption
4,4,1.0,18,0,1,0,0,0.05640008606171476,Normal
4,4,1.0,0,18,0,1,1,-0.11478372473814102,Topology Disruption
4,5,1.0,18,0,1,0,0,0.05640008606171476,Normal
4,5,0.4,11,7,1,1,1,-0.09730911513274121,Topology Disruption
4,6,1.0,18,0,1,0,0,0.05640008606171476,Normal
4,6,0.7,17,0,1,1,1,-0.08560246163816665,Normal
4,7,1.0,17,0,1,0,0,0.05640008606171476,Normal
4,7,0.6,14,4,1,1,1,-0.09847666157186619,Normal
4,8,1.0,18,0,1,0,0,0.05640008606171476,Normal
4,8,0.68,18,0,1,1,1,-0.08560246163816665,Normal
4,9,1.0,19,0,1,0,0,0.05279278108998875,Normal
4,9,0.7429,18,0,1,1,1,-0.08560246163816665,Normal
4,10,1.0,18,0,1,0,0,0.05640008606171476,Normal
4,10,0.7667,18,0,1,1,1,-0.08560246163816665,Normal
4,11,1.0,18,0,1,0,0,0.05640008606171476,Normal
4,11,0.7455,18,0,1,1,1,-0.08560246163816665,Normal
4,12,1.0,18,0,1,0,0,0.05640008606171476,Normal
4,12,0.7385,19,0,1,1,1,-0.08700463365005506,Normal
4,13,1.0,18,0,1,0,0,0.05640008606171476,Normal
4,13,1.0,7,12,1,1,0,0.013534045263180694,Topology Disruption
4,14,1.0,18,0,1,0,0,0.05640008606171476,Normal
4,14,0.7267,16,2,1,1,1,-0.09241840789343692,Normal
4,15,1.0,17,0,1,0,0,0.05640008606171476,Normal
4,15,1.0,0,17,0,1,1,-0.11478372473814102,Topology Disruption
4,16,1.0,18,0,1,0,0,0.05640008606171476,Normal
4,16,1.0,4,14,1,1,1,-0.08852108999336405,Topology Disruption
4,17,1.0,18,0,1,0,0,0.05640008606171476,Normal
4,17,0.7125,5,14,1,1,1,-0.1477960710219447,Topology Disruption
4,18,1.0,19,0,1,0,0,0.05279278108998875,Normal
4,18,0.6556,17,1,1,1,1,-0.09204477134151656,Normal
4,19,1.0,18,0,1,0,0,0.05640008606171476,Normal
4,19,0.6211,17,0,1,1,1,-0.08560246163816665,Normal
4,20,1.0,18,0,1,0,0,0.05640008606171476,Normal
4,20,0.5619,19,0,1,1,1,-0.08700463365005506,Normal
4,21,1.0,18,0,1,0,0,0.05640008606171476,Normal
4,21,0.513,18,0,1,1,1,-0.08560246163816665,Normal
4,22,1.0,18,0,1,0,0,0.05640008606171476,Normal
4,22,0.472,18,0,1,1,1,-0.08560246163816665,Silent Packet Drop
4,23,1.0,18,0,1,0,0,0.05640008606171476,Normal
4,23,0.437,17,0,1,1,1,-0.08560246163816665,Silent Packet Drop
4,24,0.9977,18,0,1,0,0,0.10589860646052579,Normal
4,24,0.425,18,0,1,1,1,-0.08560246163816665,Silent Packet Drop
4,25,0.9978,18,0,1,0,0,0.10917145737833023,Normal
4,25,0.4533,18,0,1,1,1,-0.08560246163816665,Silent Packet Drop
4,26,0.9979,18,0,1,0,0,0.10736601000973206,Normal
4,26,0.4469,18,0,1,1,1,-0.08560246163816665,Silent Packet Drop
4,27,0.998,18,0,1,0,0,0.10767467688327065,Normal
4,27,0.4794,18,0,1,1,1,-0.08560246163816665,Silent Packet Drop
4,28,0.9981,18,0,1,0,0,0.105403433208691,Normal
4,28,0.4917,18,0,1,1,1,-0.08560246163816665,Silent Packet Drop
4,29,0.9981,18,0,1,0,0,0.105403433208691,Normal
4,29,0.5054,18,0,1,1,1,-0.08560246163816665,Normal
4,30,0.9982,18,0,1,0,0,0.10168770850375697,Normal
4,30,0.5308,18,0,1,1,1,-0.08560246163816665,Normal
4,31,0.9875,9,0,1,0,1,-0.03065165967566652,Normal
4,31,0.5537,18,0,1,1,1,-0.08560246163816665,Normal
4,32,0.5744,18,0,1,1,1,-0.08560246163816665,Normal
4,33,1.0,6,0,1,1,1,-0.036155046067616436,Normal
5,0,1.0,16,1,1,0,0,0.04970632815158427,Normal
5,0,1.0,0,17,0,1,1,-0.11478372473814102,Topology Disruption
5,1,1.0,18,0,1,0,0,0.05640008606171476,Normal
5,1,1.0,0,19,0,1,1,-0.11478372473814102,Topology Disruption
5,2,1.0,17,0,1,0,0,0.05640008606171476,Normal
5,2,1.0,0,17,0,1,1,-0.11478372473814102,Topology Disruption
5,3,1.0,18,0,1,0,0,0.05640008606171476,Normal
5,3,1.0,0,18,0,1,1,-0.11478372473814102,Topology Disruption
5,4,1.0,18,0,1,0,0,0.05640008606171476,Normal
5,4,1.0,0,18,0,1,1,-0.11478372473814102,Topology Disruption
5,5,1.0,19,0,1,0,0,0.05279278108998875,Normal
5,5,1.0,10,8,1,1,1,-0.029412846564373596,Topology Disruption
5,6,1.0,18,0,1,0,0,0.05640008606171476,Normal
5,6,0.85,17,1,1,1,1,-0.09204477134151656,Normal
5,7,1.0,18,0,1,0,0,0.05640008606171476,Normal
5,7,0.85,18,0,1,1,1,-0.08560246163816665,Normal
5,8,1.0,18,0,1,0,0,0.05640008606171476,Normal
5,8,0.9,18,0,1,1,1,-0.08560246163816665,Normal
5,9,0.9941,17,0,1,0,0,0.10025649605387754,Normal
5,9,0.925,18,0,1,1,1,-0.08560246163816665,Normal
5,10,0.9947,18,0,1,0,0,0.09868486760992434,Normal
5,10,0.9333,18,0,1,1,1,-0.08560246163816665,Normal
5,11,0.9952,18,0,1,0,0,0.09696825806347475,Normal
5,11,0.9182,18,0,1,1,1,-0.08560246163816665,Normal
5,12,0.9957,19,0,1,0,0,0.09527648939936151,Normal
5,12,0.8385,17,0,1,1,1,-0.08560246163816665,Normal
5,13,0.9958,17,0,1,0,0,0.09915829986077629,Normal
5,13,0.7929,12,6,1,1,1,-0.03554786225273088,Topology Disruption
5,14,0.9962,19,0,1,0,0,0.09800495513423735,Normal
5,14,0.8,18,0,1,1,1,-0.08560246163816665,Normal
5,15,0.9964,18,0,1,0,0,0.10199940636431748,Normal
5,15,0.8222,19,0,1,1,1,-0.08700463365005506,Normal
5,16,0.9967,18,0,1,0,0,0.1014541792649154,Normal
5,16,0.8316,16,2,1,1,1,-0.09241840789343692,Normal
5,17,0.9969,18,0,1,0,0,0.10298319926418864,Normal
5,17,0.8381,16,2,1,1,1,-0.09241840789343692,Normal
5,18,0.997,18,0,1,0,0,0.10305326023781114,Normal
5,18,0.8478,18,0,1,1,1,-0.08560246163816665,Normal
5,19,0.9971,18,0,1,0,0,0.10145500434072141,Normal
5,19,0.804,18,0,1,1,1,-0.08560246163816665,Normal
5,20,0.9973,18,0,1,0,0,0.10610133481766859,Normal
5,20,0.7769,18,0,1,1,1,-0.08560246163816665,Normal
5,21,0.9974,17,0,1,0,0,0.1057034717732463,Normal
5,21,0.7929,18,0,1,1,1,-0.08560246163816665,Normal
5,22,0.9951,18,0,1,0,0,0.09782279188341159,Normal
5,22,0.7967,16,2,1,1,1,-0.09241840789343692,Normal
5,23,0.9952,19,0,1,0,0,0.09362794955917164,Normal
5,23,0.7935,17,1,1,1,1,-0.09204477134151656,Normal
5,24,0.9932,17,0,1,0,0,0.09741520704288731,Normal
5,24,0.8061,17,0,1,1,1,-0.08560246163816665,Normal
5,25,0.9935,18,0,1,0,0,0.09813543905621558,Normal
5,25,0.8171,18,0,1,1,1,-0.08560246163816665,Normal
5,26,0.9938,18,0,1,0,0,0.10040008808069656,Normal
5,26,0.827,18,0,1,1,1,-0.08560246163816665,Normal
5,27,0.994,19,0,1,0,0,0.09664527552035374,Normal
5,27,0.8359,18,0,1,1,1,-0.08560246163816665,Normal
5,28,0.9941,17,0,1,0,0,0.10025649605387754,Normal
5,28,0.84,17,0,1,1,1,-0.08560246163816665,Normal
5,29,0.9943,18,0,1,0,0,0.09986742824063322,Normal
5,29,0.8476,18,0,1,1,1,-0.08560246163816665,Normal
5,30,0.9945,17,0,1,0,0,0.09754727885401904,Normal
5,30,0.8545,18,0,1,1,1,-0.08560246163816665,Normal
5,31,0.9893,10,0,1,0,0,0.0329910238500819,Normal
5,31,0.8609,18,0,1,1,1,-0.08560246163816665,Normal
5,32,0.8638,18,0,1,1,1,-0.08560246163816665,Normal
5,33,0.8667,7,0,1,1,1,-0.12113567295118266,Normal
6,0,1.0,17,2,1,0,0,0.04477795742112156,Normal
6,0,1.0,0,19,0,1,1,-0.11478372473814102,Topology Disruption
6,1,1.0,18,0,1,0,0,0.05640008606171476,Normal
6,1,1.0,0,18,0,1,1,-0.11478372473814102,Topology Disruption
6,2,1.0,18,0,1,0,0,0.05640008606171476,Normal
6,2,1.0,0,18,0,1,1,-0.11478372473814102,Topology Disruption
6,3,1.0,18,0,1,0,0,0.05640008606171476,Normal
6,3,1.0,0,18,0,1,1,-0.11478372473814102,Topology Disruption
6,4,1.0,18,0,1,0,0,0.05640008606171476,Normal
6,4,1.0,0,18,0,1,1,-0.11478372473814102,Topology Disruption
6,5,1.0,18,0,1,0,0,0.05640008606171476,Normal
6,5,0.8,13,5,1,1,1,-0.10115187645000379,Normal
6,6,1.0,18,0,1,0,0,0.05640008606171476,Normal
6,6,0.8,17,0,1,1,1,-0.08560246163816665,Normal
6,7,1.0,19,0,1,0,0,0.05279278108998875,Normal
6,7,0.875,19,0,1,1,1,-0.08700463365005506,Normal
6,8,1.0,18,0,1,0,0,0.05640008606171476,Normal
6,8,0.9167,17,0,1,1,1,-0.08560246163816665,Normal
6,9,1.0,17,0,1,0,0,0.05640008606171476,Normal
6,9,0.9375,18,0,1,1,1,-0.08560246163816665,Normal
6,10,1.0,19,0,1,0,0,0.05279278108998875,Normal
6,10,0.9222,14,4,1,1,1,-0.09847666157186619,Normal
6,11,1.0,18,0,1,0,0,0.05640008606171476,Normal
6,11,0.9364,18,0,1,1,1,-0.08560246163816665,Normal
6,12,1.0,18,0,1,0,0,0.05640008606171476,Normal
6,12,0.9167,13,5,1,1,1,-0.10115187645000379,Normal
6,13,1.0,18,0,1,0,0,0.05640008606171476,Normal
6,13,0.9143,12,6,1,1,1,-0.03554786225273088,Topology Disruption
6,14,1.0,18,0,1,0,0,0.05640008606171476,Normal
6,14,0.92,18,0,1,1,1,-0.08560246163816665,Normal
6,15,1.0,18,0,1,0,0,0.05640008606171476,Normal
6,15,0.9294,18,0,1,1,1,-0.08560246163816665,Normal
6,16,1.0,18,0,1,0,0,0.05640008606171476,Normal
6,16,0.9368,18,0,1,1,1,-0.08560246163816665,Normal
6,17,1.0,19,0,1,0,0,0.05279278108998875,Normal
6,17,0.9429,18,0,1,1,1,-0.08560246163816665,Normal
6,18,1.0,17,0,1,0,0,0.05640008606171476,Normal
6,18,0.9478,18,0,1,1,1,-0.08560246163816665,Normal
6,19,1.0,19,0,1,0,0,0.05279278108998875,Normal
6,19,0.95,18,0,1,1,1,-0.08560246163816665,Normal
6,20,1.0,18,0,1,0,0,0.05640008606171476,Normal
6,20,0.9538,17,0,1,1,1,-0.08560246163816665,Normal
6,21,0.9949,18,0,1,0,0,0.10085293927698846,Normal
6,21,0.9571,18,0,1,1,1,-0.0734220334216189,Normal
6,22,0.9902,18,0,1,0,0,0.08525016705620236,Normal
6,22,0.96,18,0,1,1,1,-0.048514867178581667,Normal
6,23,0.9884,18,0,1,0,0,0.06490992302367771,Normal
6,23,0.9613,18,0,1,1,1,-0.04413745835597449,Normal
6,24,0.9889,18,0,1,0,0,0.07127589952573388,Normal
6,24,0.9636,18,0,1,1,1,-0.040249144567042094,Normal
6,25,0.9891,18,0,1,0,0,0.07037007055960687,Normal
6,25,0.9657,18,0,1,1,1,-0.012851529269734985,Normal
6,26,0.9896,18,0,1,0,0,0.07466856824134327,Normal
6,26,0.9676,18,0,1,1,1,-0.003526900017087997,Normal
6,27,0.99,18,0,1,0,0,0.08004291832044153,Normal
6,27,0.9692,18,0,1,1,1,-0.004426368448024132,Normal
6,28,0.9904,18,0,1,0,0,0.08833063718201095,Normal
6,28,0.965,17,0,1,1,1,-0.024006095362516078,Normal
6,29,0.9907,18,0,1,0,0,0.08798128327980304,Normal
6,29,0.9667,18,0,1,1,1,-0.005050641821736757,Normal
6,30,0.9909,18,0,1,0,0,0.08789353027800395,Normal
6,30,0.9682,17,0,1,1,1,-0.0027420360173602276,Normal
6,31,0.9839,9,0,1,0,1,-0.04982145178430197,Normal
6,31,0.9696,18,0,1,1,1,-0.003226987565756012,Normal
6,32,0.9702,18,0,1,1,1,-0.0003007510540883329,Normal
6,33,0.9708,7,0,1,1,1,-0.07309604700026084,Normal
7,0,1.0,16,2,1,0,0,0.04477795742112156,Normal
7,0,1.0,0,18,0,1,1,-0.11478372473814102,Topology Disruption
7,1,0.9667,18,0,1,0,1,-0.005050641821736757,Normal
7,1,1.0,0,18,0,1,1,-0.11478372473814102,Topology Disruption
7,2,0.98,18,0,1,0,0,0.02936687788245329,Normal
7,2,1.0,0,19,0,1,1,-0.11478372473814102,Topology Disruption
7,3,0.9833,18,0,1,0,0,0.03690563811412817,Normal
7,3,1.0,0,18,0,1,1,-0.11478372473814102,Topology Disruption
7,4,0.9875,18,0,1,0,0,0.057817779006272274,Normal
7,4,1.0,0,17,0,1,1,-0.11478372473814102,Topology Disruption
7,5,0.99,17,0,1,0,0,0.08004291832044153,Normal
7,5,0.4,11,7,1,1,1,-0.09730911513274121,Topology Disruption
7,6,0.9917,19,0,1,0,0,0.083605540250827,Normal
7,6,0.65,16,2,1,1,1,-0.09241840789343692,Normal
7,7,0.9929,17,0,1,0,0,0.09673820569153335,Normal
7,7,0.6,14,4,1,1,1,-0.09847666157186619,Normal
7,8,0.9933,19,0,1,0,0,0.0955370100912577,Normal
7,8,0.68,19,0,1,1,1,-0.08700463365005506,Normal
7,9,0.9941,17,0,1,0,0,0.10025649605387754,Normal
7,9,0.7429,17,0,1,1,1,-0.08560246163816665,Normal
7,10,0.9947,18,0,1,0,0,0.09868486760992434,Normal
7,10,0.7556,18,0,1,1,1,-0.08560246163816665,Normal
7,11,0.9952,18,0,1,0,0,0.09696825806347475,Normal
7,11,0.7364,18,0,1,1,1,-0.08560246163816665,Normal
7,12,0.9957,18,0,1,0,0,0.09860601909877065,Normal
7,12,0.7385,18,0,1,1,1,-0.08560246163816665,Normal
7,13,0.9958,18,0,1,0,0,0.09915829986077629,Normal
7,13,1.0,9,9,1,1,1,-0.07837324459386485,Topology Disruption
7,14,0.9962,17,0,1,0,0,0.10131664504652171,Normal
7,14,0.72,16,2,1,1,1,-0.09241840789343692,Normal
7,15,0.9964,18,0,1,0,0,0.10199940636431748,Normal
7,15,1.0,0,18,0,1,1,-0.11478372473814102,Topology Disruption
7,16,0.9967,18,0,1,0,0,0.1014541792649154,Normal
7,16,1.0,3,15,1,1,1,-0.09037143331777397,Topology Disruption
7,17,0.9968,18,0,1,0,0,0.10271417791974935,Normal
7,17,0.7125,3,15,1,1,1,-0.14867896318981344,Topology Disruption
7,18,0.9939,17,0,1,0,0,0.0995950374777137,Normal
7,18,1.0,0,17,0,1,1,-0.11478372473814102,Topology Disruption
7,19,0.9943,18,0,1,0,0,0.09986742824063322,Normal
7,19,1.0,3,16,1,1,1,-0.09037143331777397,Topology Disruption
7,20,0.9946,18,0,1,0,0,0.09999531172761955,Normal
7,20,1.0,5,13,1,1,1,-0.08861834126562418,Topology Disruption
7,21,0.9949,18,0,1,0,0,0.10085293927698846,Normal
7,21,0.6882,4,14,1,1,1,-0.14819961320106978,Topology Disruption
7,22,0.995,18,0,1,0,0,0.09943900148718798,Normal
7,22,0.6667,7,11,1,1,1,-0.12770010574639967,Topology Disruption
7,23,0.9952,18,0,1,0,0,0.09696825806347475,Normal
7,23,1.0,5,13,1,1,1,-0.08861834126562418,Topology Disruption
7,24,0.9955,18,0,1,0,0,0.09464343995035773,Normal
7,24,0.6632,9,9,1,1,1,-0.14212760012641223,Topology Disruption
7,25,0.9957,18,0,1,0,0,0.09860601909877065,Normal
7,25,0.6952,18,0,1,1,1,-0.08560246163816665,Normal
7,26,0.9958,18,0,1,0,0,0.09915829986077629,Normal
7,26,0.7,13,5,1,1,1,-0.10115187645000379,Normal
7,27,0.9959,18,0,1,0,0,0.09957095066939203,Normal
7,27,0.725,17,0,1,1,1,-0.08560246163816665,Normal
7,28,0.9961,18,0,1,0,0,0.1030532087643854,Normal
7,28,0.7462,19,0,1,1,1,-0.08700463365005506,Normal
7,29,0.9962,18,0,1,0,0,0.10131664504652171,Normal
7,29,0.7556,18,0,1,1,1,-0.08560246163816665,Normal
7,30,0.9927,17,0,1,0,0,0.09301086009169102,Normal
7,30,0.7724,18,0,1,1,1,-0.08560246163816665,Normal
7,31,0.9821,9,0,1,0,1,-0.046022162922880194,Normal
7,31,0.7871,18,0,1,1,1,-0.08560246163816665,Normal
7,32,0.8,18,0,1,1,1,-0.08560246163816665,Normal
7,33,0.8059,7,0,1,1,1,-0.12113567295118266,Normal
8,0,1.0,17,1,1,0,0,0.04970632815158427,Normal
8,0,1.0,16,1,1,1,0,0.04970632815158427,Normal
8,1,1.0,18,0,1,0,0,0.05640008606171476,Normal
8,1,1.0,18,0,1,1,0,0.05640008606171476,Normal
8,2,1.0,18,0,1,0,0,0.05640008606171476,Normal
8,2,1.0,19,0,1,1,0,0.05279278108998875,Normal
8,3,0.9857,18,0,1,0,0,0.037281157875466375,Normal
8,3,1.0,17,0,1,1,0,0.05640008606171476,Normal
8,4,0.9875,18,0,1,0,0,0.057817779006272274,Normal
8,4,1.0,18,0,1,1,0,0.05640008606171476,Normal
8,5,0.99,18,0,1,0,0,0.08004291832044153,Normal
8,5,1.0,18,0,1,1,0,0.05640008606171476,Normal
8,6,0.9917,18,0,1,0,0,0.08701137922753188,Normal
8,6,1.0,18,0,1,1,0,0.05640008606171476,Normal
8,7,0.9929,18,0,1,0,0,0.09673820569153335,Normal
8,7,1.0,18,0,1,1,0,0.05640008606171476,Normal
8,8,0.9938,19,0,1,0,0,0.0970823659155402,Normal
8,8,1.0,18,0,1,1,0,0.05640008606171476,Normal
8,9,0.9882,18,0,1,0,0,0.06316891421085358,Normal
8,9,1.0,18,0,1,1,0,0.05640008606171476,Normal
8,10,0.9895,18,0,1,0,0,0.07521833790395982,Normal
8,10,1.0,17,0,1,1,0,0.05640008606171476,Normal
8,11,0.9905,17,0,1,0,0,0.0891009620867026,Normal
8,11,1.0,18,0,1,1,0,0.05640008606171476,Normal
8,12,0.9913,18,0,1,0,0,0.08684399659190489,Normal
8,12,1.0,18,0,1,1,0,0.05640008606171476,Normal
8,13,0.992,19,0,1,0,0,0.08580084832092327,Normal
8,13,1.0,18,0,1,1,0,0.05640008606171476,Normal
8,14,0.9885,18,0,1,0,0,0.06768587621354816,Normal
8,14,1.0,17,0,1,1,0,0.05640008606171476,Normal
8,15,0.9893,18,0,1,0,0,0.07272671827548238,Normal
8,15,1.0,19,0,1,1,0,0.05279278108998875,Normal
8,16,0.99,17,0,1,0,0,0.08004291832044153,Normal
8,16,1.0,17,0,1,1,0,0.05640008606171476,Normal
8,17,0.9906,18,0,1,0,0,0.08875212955213863,Normal
8,17,1.0,18,0,1,1,0,0.05640008606171476,Normal
8,18,0.9912,18,0,1,0,0,0.08754400601265377,Normal
8,18,1.0,18,0,1,1,0,0.05640008606171476,Normal
8,19,0.9914,18,0,1,0,0,0.08659366897898602,Normal
8,19,1.0,18,0,1,1,0,0.05640008606171476,Normal
8,20,0.9892,18,0,1,0,0,0.07200664493460229,Normal
8,20,1.0,18,0,1,1,0,0.05640008606171476,Normal
8,21,0.9897,18,0,1,0,0,0.07606981180527261,Normal
8,21,1.0,18,0,1,1,0,0.05640008606171476,Normal
8,22,0.9902,19,0,1,0,0,0.08183273678994896,Normal
8,22,1.0,18,0,1,1,0,0.05640008606171476,Normal
8,23,0.9907,17,0,1,0,0,0.08798128327980304,Normal
8,23,1.0,18,0,1,1,0,0.05640008606171476,Normal
8,24,0.9909,19,0,1,0,0,0.08449349711414655,Normal
8,24,1.0,18,0,1,1,0,0.05640008606171476,Normal
8,25,0.9913,18,0,1,0,0,0.08684399659190489,Normal
8,25,1.0,18,0,1,1,0,0.05640008606171476,Normal
8,26,0.9917,18,0,1,0,0,0.08701137922753188,Normal
8,26,1.0,18,0,1,1,0,0.05640008606171476,Normal
8,27,0.992,18,0,1,0,0,0.08919233350599232,Normal
8,27,1.0,18,0,1,1,0,0.05640008606171476,Normal
8,28,0.9923,18,0,1,0,0,0.0880888168730033,Normal
8,28,1.0,18,0,1,1,0,0.05640008606171476,Normal
8,29,0.9925,18,0,1,0,0,0.08929886604984949,Normal
8,29,1.0,19,0,1,1,0,0.05279278108998875,Normal
8,30,0.9927,18,0,1,0,0,0.09301086009169102,Normal
8,30,1.0,18,0,1,1,0,0.05640008606171476,Normal
8,31,0.9821,9,0,1,0,1,-0.046022162922880194,Normal
8,31,1.0,18,0,1,1,0,0.05640008606171476,Normal
8,32,1.0,18,0,1,1,0,0.05640008606171476,Normal
8,33,1.0,6,0,1,1,1,-0.036155046067616436,Normal
9,0,1.0,17,1,1,0,0,0.04970632815158427,Normal
9,0,1.0,17,1,1,1,0,0.04970632815158427,Normal
9,1,1.0,18,0,1,0,0,0.05640008606171476,Normal
9,1,1.0,18,0,1,1,0,0.05640008606171476,Normal
9,2,1.0,18,0,1,0,0,0.05640008606171476,Normal
9,2,1.0,17,0,1,1,0,0.05640008606171476,Normal
9,3,1.0,17,0,1,0,0,0.05640008606171476,Normal
9,3,1.0,18,0,1,1,0,0.05640008606171476,Normal
9,4,0.9875,19,0,1,0,0,0.05421980447733943,Normal
9,4,1.0,18,0,1,1,0,0.05640008606171476,Normal
9,5,0.99,18,0,1,0,0,0.08004291832044153,Normal
9,5,1.0,17,0,1,1,0,0.05640008606171476,Normal
9,6,0.9917,17,0,1,0,0,0.08701137922753188,Normal
9,6,0.9917,18,0,1,1,0,0.08701137922753188,Normal
9,7,0.9929,18,0,1,0,0,0.09673820569153335,Normal
9,7,0.9929,18,0,1,1,0,0.09673820569153335,Normal
9,8,0.9933,18,0,1,0,0,0.09886483640343868,Normal
9,8,0.9933,18,0,1,1,0,0.09886483640343868,Normal
9,9,0.9941,18,0,1,0,0,0.10025649605387754,Normal
9,9,0.9941,18,0,1,1,0,0.10025649605387754,Normal
9,10,0.9947,18,0,1,0,0,0.09868486760992434,Normal
9,10,0.9947,18,0,1,1,0,0.09868486760992434,Normal
9,11,0.9952,19,0,1,0,0,0.09362794955917164,Normal
9,11,0.9952,18,0,1,1,0,0.09696825806347475,Normal
9,12,0.9957,17,0,1,0,0,0.09860601909877065,Normal
9,12,0.9957,18,0,1,1,0,0.09860601909877065,Normal
9,13,0.9958,18,0,1,0,0,0.09915829986077629,Normal
9,13,0.9958,18,0,1,1,0,0.09915829986077629,Normal
9,14,0.9962,18,0,1,0,0,0.10131664504652171,Normal
9,14,0.9962,17,0,1,1,0,0.10131664504652171,Normal
9,15,0.9964,18,0,1,0,0,0.10199940636431748,Normal
9,15,0.9964,18,0,1,1,0,0.10199940636431748,Normal
9,16,0.9967,18,0,1,0,0,0.1014541792649154,Normal
9,16,0.9967,18,0,1,1,0,0.1014541792649154,Normal
9,17,0.9969,19,0,1,0,0,0.09968247765702942,Normal
9,17,0.9968,18,0,1,1,0,0.10271417791974935,Normal
9,18,0.9971,18,0,1,0,0,0.10145500434072141,Normal
9,18,0.997,18,0,1,1,0,0.10305326023781114,Normal
9,19,0.9971,18,0,1,0,0,0.10145500434072141,Normal
9,19,0.9971,19,0,1,1,0,0.09814422503004816,Normal
9,20,0.9973,19,0,1,0,0,0.10282113499240508,Normal
9,20,0.9973,18,0,1,1,0,0.10610133481766859,Normal
9,21,0.9974,17,0,1,0,0,0.1057034717732463,Normal
9,21,0.9974,18,0,1,1,0,0.1057034717732463,Normal
9,22,0.9976,18,0,1,0,0,0.10439854288012662,Normal
9,22,0.9975,17,0,1,1,0,0.10400833335040593,Normal
9,23,0.9977,18,0,1,0,0,0.10589860646052579,Normal
9,23,0.9976,18,0,1,1,0,0.10439854288012662,Normal
9,24,0.9977,18,0,1,0,0,0.10589860646052579,Normal
9,24,0.9977,18,0,1,1,0,0.10589860646052579,Normal
9,25,0.9978,18,0,1,0,0,0.10917145737833023,Normal
9,25,0.9978,18,0,1,1,0,0.10917145737833023,Normal
9,26,0.9979,18,0,1,0,0,0.10736601000973206,Normal
9,26,0.9979,18,0,1,1,0,0.10736601000973206,Normal
9,27,0.998,18,0,1,0,0,0.10767467688327065,Normal
9,27,0.998,18,0,1,1,0,0.10767467688327065,Normal
9,28,0.9981,18,0,1,0,0,0.105403433208691,Normal
9,28,0.998,18,0,1,1,0,0.10767467688327065,Normal
9,29,0.9981,18,0,1,0,0,0.105403433208691,Normal
9,29,0.9981,18,0,1,1,0,0.105403433208691,Normal
9,30,0.9964,18,0,1,0,0,0.10199940636431748,Normal
9,30,0.9982,18,0,1,1,0,0.10168770850375697,Normal
9,31,0.9875,9,0,1,0,1,-0.03065165967566652,Normal
9,31,0.9982,18,0,1,1,0,0.10168770850375697,Normal
9,32,0.9983,17,0,1,1,0,0.10175532096623463,Normal
9,33,0.9983,7,0,1,1,0,0.012560193618698423,Normal
10,0,1.0,17,1,1,0,0,0.04970632815158427,Normal
10,0,1.0,0,18,0,1,1,-0.11478372473814102,Topology Disruption
10,1,1.0,18,0,1,0,0,0.05640008606171476,Normal
10,1,1.0,0,19,0,1,1,-0.11478372473814102,Topology Disruption
10,2,0.98,18,0,1,0,0,0.02936687788245329,Normal
10,2,1.0,0,18,0,1,1,-0.11478372473814102,Topology Disruption
10,3,0.9857,18,0,1,0,0,0.037281157875466375,Normal
10,3,1.0,0,18,0,1,1,-0.11478372473814102,Topology Disruption
10,4,0.9875,18,0,1,0,0,0.057817779006272274,Normal
10,4,1.0,0,18,0,1,1,-0.11478372473814102,Topology Disruption
10,5,0.99,18,0,1,0,0,0.08004291832044153,Normal
10,5,0.8,13,5,1,1,1,-0.10115187645000379,Normal
10,6,0.9917,18,0,1,0,0,0.08701137922753188,Normal
10,6,0.8,18,0,1,1,1,-0.08560246163816665,Normal
10,7,0.9857,17,0,1,0,0,0.037281157875466375,Normal
10,7,0.85,18,0,1,1,1,-0.08560246163816665,Normal
10,8,0.9875,19,0,1,0,0,0.05421980447733943,Normal
10,8,0.9,18,0,1,1,1,-0.08560246163816665,Normal
10,9,0.9882,18,0,1,0,0,0.06316891421085358,Normal
10,9,0.925,18,0,1,1,1,-0.08560246163816665,Normal
10,10,0.9895,18,0,1,0,0,0.07521833790395982,Normal
10,10,0.93,18,0,1,1,1,-0.08560246163816665,Normal
10,11,0.9905,18,0,1,0,0,0.0891009620867026,Normal
10,11,0.9417,18,0,1,1,1,-0.08560246163816665,Normal
10,12,0.9913,18,0,1,0,0,0.08684399659190489,Normal
10,12,0.9385,18,0,1,1,1,-0.08560246163816665,Normal
10,13,0.992,18,0,1,0,0,0.08919233350599232,Normal
10,13,0.9467,18,0,1,1,1,-0.08560246163816665,Normal
10,14,0.9885,18,0,1,0,0,0.06768587621354816,Normal
10,14,0.9471,18,0,1,1,1,-0.08560246163816665,Normal
10,15,0.9893,18,0,1,0,0,0.07272671827548238,Normal
10,15,0.9526,19,0,1,1,1,-0.08700463365005506,Normal
10,16,0.99,18,0,1,0,0,0.08004291832044153,Normal
10,16,0.9571,18,0,1,1,1,-0.0734220334216189,Normal
10,17,0.9906,18,0,1,0,0,0.08875212955213863,Normal
10,17,0.9591,18,0,1,1,1,-0.05558256411446305,Normal
10,18,0.9912,18,0,1,0,0,0.08754400601265377,Normal
10,18,0.9625,18,0,1,1,1,-0.03929002449596897,Normal
10,19,0.9914,18,0,1,0,0,0.08659366897898602,Normal
10,19,0.9654,18,0,1,1,1,-0.01494353683709937,Normal
10,20,0.9919,18,0,1,0,0,0.08900558337046538,Normal
10,20,0.9679,18,0,1,1,1,-0.001981751651002339,Normal
10,21,0.9923,18,0,1,0,0,0.0880888168730033,Normal
10,21,0.97,18,0,1,1,1,-0.0019397780035681489,Normal
10,22,0.9927,18,0,1,0,0,0.09301086009169102,Normal
10,22,0.971,18,0,1,1,1,-0.004849953339534752,Normal
10,23,0.9929,17,0,1,0,0,0.09673820569153335,Normal
10,23,0.9727,18,0,1,1,1,-0.004040131912269707,Normal
10,24,0.9932,19,0,1,0,0,0.09407784010071873,Normal
10,24,0.9743,18,0,1,1,1,-0.0023713746126292623,Normal
10,25,0.9935,17,0,1,0,0,0.09813543905621558,Normal
10,25,0.9757,18,0,1,1,0,0.001098088614721937,Normal
10,26,0.9938,19,0,1,0,0,0.0970823659155402,Normal
10,26,0.9769,18,0,1,1,0,0.007084570260522005,Normal
10,27,0.994,17,0,1,0,0,0.09996585555522952,Normal
10,27,0.9775,18,0,1,1,0,0.009799506806385305,Normal
10,28,0.9942,19,0,1,0,0,0.0966534822341516,Normal
10,28,0.9762,17,0,1,1,0,0.005274902273758042,Normal
10,29,0.9943,18,0,1,0,0,0.09986742824063322,Normal
10,29,0.975,18,0,1,1,1,-0.0012368018043096285,Normal
10,30,0.9945,17,0,1,0,0,0.09754727885401904,Normal
10,30,0.9761,18,0,1,1,0,0.002345672154544398,Normal
10,31,0.9946,10,0,1,0,0,0.048263623969321046,Normal
10,31,0.9771,18,0,1,1,0,0.006143234632577599,Normal
10,32,0.9776,18,0,1,1,0,0.009799506806385305,Normal
10,33,0.978,7,0,1,1,1,-0.058949809265815056,Normal
11,0,0.9,14,4,1,0,1,-0.09847666157186619,Normal
11,0,1.0,0,0,0,1,1,-0.09326045915803727,Normal
11,1,0.9667,17,0,1,0,1,-0.005050641821736757,Normal
11,2,0.975,18,0,1,0,1,-0.0012368018043096285,Normal
11,3,0.9833,18,0,1,0,0,0.03690563811412817,Normal
11,4,0.9875,18,0,1,0,0,0.057817779006272274,Normal
11,5,0.99,19,0,1,0,0,0.07659121692613768,Normal
11,5,1.0,0,0,0,1,1,-0.09326045915803727,Normal
11,6,0.9917,18,0,1,0,0,0.08701137922753188,Normal
11,6,1.0,0,0,0,1,1,-0.09326045915803727,Normal
11,7,0.9923,18,0,1,0,0,0.0880888168730033,Normal
11,7,1.0,0,0,0,1,1,-0.09326045915803727,Normal
11,8,0.9933,18,0,1,0,0,0.09886483640343868,Normal
11,8,1.0,0,0,0,1,1,-0.09326045915803727,Normal
11,9,0.9941,18,0,1,0,0,0.10025649605387754,Normal
11,9,1.0,0,0,0,1,1,-0.09326045915803727,Normal
11,10,0.9947,18,0,1,0,0,0.09868486760992434,Normal
11,10,1.0,0,0,0,1,1,-0.09326045915803727,Normal
11,11,0.9952,18,0,1,0,0,0.09696825806347475,Normal
11,11,1.0,0,0,0,1,1,-0.09326045915803727,Normal
11,12,0.9955,18,0,1,0,0,0.09464343995035773,Normal
11,12,1.0,0,0,0,1,1,-0.09326045915803727,Normal
11,13,0.9958,18,0,1,0,0,0.09915829986077629,Normal
11,13,1.0,0,0,0,1,1,-0.09326045915803727,Normal
11,14,0.9962,18,0,1,0,0,0.10131664504652171,Normal
11,14,1.0,0,0,0,1,1,-0.09326045915803727,Normal
11,15,0.9964,18,0,1,0,0,0.10199940636431748,Normal
11,15,1.0,0,0,0,1,1,-0.09326045915803727,Normal
11,16,0.9967,18,0,1,0,0,0.1014541792649154,Normal
11,16,1.0,0,0,0,1,1,-0.09326045915803727,Normal
11,17,0.9968,18,0,1,0,0,0.10271417791974935,Normal
11,17,1.0,0,0,0,1,1,-0.09326045915803727,Normal
11,18,0.997,18,0,1,0,0,0.10305326023781114,Normal
11,18,1.0,0,0,0,1,1,-0.09326045915803727,Normal
11,19,0.9971,18,0,1,0,0,0.10145500434072141,Normal
11,19,1.0,0,0,0,1,1,-0.09326045915803727,Normal
11,20,0.9973,18,0,1,0,0,0.10610133481766859,Normal
11,20,1.0,0,0,0,1,1,-0.09326045915803727,Normal
11,21,0.9974,18,0,1,0,0,0.1057034717732463,Normal
11,21,1.0,0,0,0,1,1,-0.09326045915803727,Normal
11,22,0.9975,18,0,1,0,0,0.10400833335040593,Normal
11,22,1.0,0,0,0,1,1,-0.09326045915803727,Normal
11,23,0.9976,18,0,1,0,0,0.10439854288012662,Normal
11,23,1.0,0,0,0,1,1,-0.09326045915803727,Normal
11,24,0.9977,18,0,1,0,0,0.10589860646052579,Normal
11,24,1.0,0,0,0,1,1,-0.09326045915803727,Normal
11,25,0.9978,18,0,1,0,0,0.10917145737833023,Normal
11,25,1.0,0,0,0,1,1,-0.09326045915803727,Normal
11,26,0.9979,18,0,1,0,0,0.10736601000973206,Normal
11,26,1.0,0,0,0,1,1,-0.09326045915803727,Normal
11,27,0.998,18,0,1,0,0,0.10767467688327065,Normal
11,27,1.0,0,0,0,1,1,-0.09326045915803727,Normal
11,28,0.998,18,0,1,0,0,0.10767467688327065,Normal
11,28,1.0,0,0,0,1,1,-0.09326045915803727,Normal
11,29,0.9981,18,0,1,0,0,0.105403433208691,Normal
11,29,1.0,0,0,0,1,1,-0.09326045915803727,Normal
11,30,0.9982,18,0,1,0,0,0.10168770850375697,Normal
11,30,1.0,0,0,0,1,1,-0.09326045915803727,Normal
11,31,0.9875,9,0,1,0,1,-0.03065165967566652,Normal
11,31,1.0,0,0,0,1,1,-0.09326045915803727,Normal
11,32,1.0,0,0,0,1,1,-0.09326045915803727,Normal
11,33,1.0,0,0,0,1,1,-0.09326045915803727,Normal
12,0,1.0,14,3,1,0,0,0.03793131858737331,Normal
12,0,1.0,0,0,0,1,1,-0.09326045915803727,Normal
12,1,1.0,18,0,1,0,0,0.05640008606171476,Normal
12,2,1.0,18,0,1,0,0,0.05640008606171476,Normal
12,3,1.0,18,0,1,0,0,0.05640008606171476,Normal
12,4,1.0,18,0,1,0,0,0.05640008606171476,Normal
12,5,1.0,18,0,1,0,0,0.05640008606171476,Normal
12,5,1.0,0,0,0,1,1,-0.09326045915803727,Normal
12,6,1.0,18,0,1,0,0,0.05640008606171476,Normal
12,6,1.0,0,0,0,1,1,-0.09326045915803727,Normal
12,7,1.0,18,0,1,0,0,0.05640008606171476,Normal
12,7,1.0,0,0,0,1,1,-0.09326045915803727,Normal
12,8,1.0,17,0,1,0,0,0.05640008606171476,Normal
12,8,1.0,0,0,0,1,1,-0.09326045915803727,Normal
12,9,1.0,18,0,1,0,0,0.05640008606171476,Normal
12,9,1.0,0,0,0,1,1,-0.09326045915803727,Normal
12,10,1.0,18,0,1,0,0,0.05640008606171476,Normal
12,10,1.0,0,0,0,1,1,-0.09326045915803727,Normal
12,11,1.0,18,0,1,0,0,0.05640008606171476,Normal
12,11,1.0,0,0,0,1,1,-0.09326045915803727,Normal
12,12,1.0,18,0,1,0,0,0.05640008606171476,Normal
12,12,1.0,0,0,0,1,1,-0.09326045915803727,Normal
12,13,1.0,18,0,1,0,0,0.05640008606171476,Normal
12,13,1.0,0,0,0,1,1,-0.09326045915803727,Normal
12,14,1.0,18,0,1,0,0,0.05640008606171476,Normal
12,14,1.0,0,0,0,1,1,-0.09326045915803727,Normal
12,15,1.0,18,0,1,0,0,0.05640008606171476,Normal
12,15,1.0,0,0,0,1,1,-0.09326045915803727,Normal
12,16,1.0,18,0,1,0,0,0.05640008606171476,Normal
12,16,1.0,0,0,0,1,1,-0.09326045915803727,Normal
12,17,1.0,18,0,1,0,0,0.05640008606171476,Normal
12,17,1.0,0,0,0,1,1,-0.09326045915803727,Normal
12,18,1.0,18,0,1,0,0,0.05640008606171476,Normal
12,18,1.0,0,0,0,1,1,-0.09326045915803727,Normal
12,19,1.0,18,0,1,0,0,0.05640008606171476,Normal
12,19,1.0,0,0,0,1,1,-0.09326045915803727,Normal
12,20,1.0,18,0,1,0,0,0.05640008606171476,Normal
12,20,1.0,0,0,0,1,1,-0.09326045915803727,Normal
12,21,1.0,18,0,1,0,0,0.05640008606171476,Normal
12,21,1.0,0,0,0,1,1,-0.09326045915803727,Normal
12,22,1.0,18,0,1,0,0,0.05640008606171476,Normal
12,22,1.0,0,0,0,1,1,-0.09326045915803727,Normal
12,23,1.0,18,0,1,0,0,0.05640008606171476,Normal
12,23,1.0,0,0,0,1,1,-0.09326045915803727,Normal
12,24,1.0,19,0,1,0,0,0.05279278108998875,Normal
12,24,1.0,0,0,0,1,1,-0.09326045915803727,Normal
12,25,1.0,18,0,1,0,0,0.05640008606171476,Normal
12,25,1.0,0,0,0,1,1,-0.09326045915803727,Normal
12,26,1.0,17,0,1,0,0,0.05640008606171476,Normal
12,26,1.0,0,0,0,1,1,-0.09326045915803727,Normal
12,27,1.0,18,0,1,0,0,0.05640008606171476,Normal
12,27,1.0,0,0,0,1,1,-0.09326045915803727,Normal
12,28,1.0,18,0,1,0,0,0.05640008606171476,Normal
12,28,1.0,0,0,0,1,1,-0.09326045915803727,Normal
12,29,1.0,18,0,1,0,0,0.05640008606171476,Normal
12,29,1.0,0,0,0,1,1,-0.09326045915803727,Normal
12,30,0.9982,19,0,1,0,0,0.09837846071857337,Normal
12,30,1.0,0,0,0,1,1,-0.09326045915803727,Normal
12,31,0.9911,9,0,1,0,1,-0.023693911878571727,Normal
12,31,1.0,0,0,0,1,1,-0.09326045915803727,Normal
12,32,1.0,0,0,0,1,1,-0.09326045915803727,Normal
12,33,1.0,0,0,0,1,1,-0.09326045915803727,Normal
13,0,1.0,16,1,1,0,0,0.04970632815158427,Normal
13,0,1.0,0,0,0,1,1,-0.09326045915803727,Normal
13,1,1.0,18,0,1,0,0,0.05640008606171476,Normal
13,2,1.0,18,0,1,0,0,0.05640008606171476,Normal
13,3,1.0,18,0,1,0,0,0.05640008606171476,Normal
13,4,1.0,19,0,1,0,0,0.05279278108998875,Normal
13,5,0.99,17,0,1,0,0,0.08004291832044153,Normal
13,5,1.0,0,0,0,1,1,-0.09326045915803727,Normal
13,6,0.9917,18,0,1,0,0,0.08701137922753188,Normal
13,6,1.0,0,0,0,1,1,-0.09326045915803727,Normal
13,7,0.9929,19,0,1,0,0,0.09339638311431053,Normal
13,7,1.0,0,0,0,1,1,-0.09326045915803727,Normal
13,8,0.9933,17,0,1,0,0,0.09886483640343868,Normal
13,8,1.0,0,0,0,1,1,-0.09326045915803727,Normal
13,9,0.9941,18,0,1,0,0,0.10025649605387754,Normal
13,9,1.0,0,0,0,1,1,-0.09326045915803727,Normal
13,10,0.9895,18,0,1,0,0,0.07521833790395982,Normal
13,10,1.0,0,0,0,1,1,-0.09326045915803727,Normal
13,11,0.9905,18,0,1,0,0,0.0891009620867026,Normal
13,11,1.0,0,0,0,1,1,-0.09326045915803727,Normal
13,12,0.9913,18,0,1,0,0,0.08684399659190489,Normal
13,12,1.0,0,0,0,1,1,-0.09326045915803727,Normal
13,13,0.9917,18,0,1,0,0,0.08701137922753188,Normal
13,13,1.0,0,0,0,1,1,-0.09326045915803727,Normal
13,14,0.9923,18,0,1,0,0,0.0880888168730033,Normal
13,14,1.0,0,0,0,1,1,-0.09326045915803727,Normal
13,15,0.9893,19,0,1,0,0,0.06922686584378701,Normal
13,15,1.0,0,0,0,1,1,-0.09326045915803727,Normal
13,16,0.99,18,0,1,0,0,0.08004291832044153,Normal
13,16,1.0,0,0,0,1,1,-0.09326045915803727,Normal
13,17,0.9906,18,0,1,0,0,0.08875212955213863,Normal
13,17,1.0,0,0,0,1,1,-0.09326045915803727,Normal
13,18,0.9909,17,0,1,0,0,0.08789353027800395,Normal
13,18,1.0,0,0,0,1,1,-0.09326045915803727,Normal
13,19,0.9914,19,0,1,0,0,0.08318508087272303,Normal
13,19,1.0,0,0,0,1,1,-0.09326045915803727,Normal
13,20,0.9919,18,0,1,0,0,0.08900558337046538,Normal
13,20,1.0,0,0,0,1,1,-0.09326045915803727,Normal
13,21,0.9923,18,0,1,0,0,0.0880888168730033,Normal
13,21,1.0,0,0,0,1,1,-0.09326045915803727,Normal
13,22,0.9927,18,0,1,0,0,0.09301086009169102,Normal
13,22,1.0,0,0,0,1,1,-0.09326045915803727,Normal
13,23,0.993,18,0,1,0,0,0.09723425017547949,Normal
13,23,1.0,0,0,0,1,1,-0.09326045915803727,Normal
13,24,0.9932,18,0,1,0,0,0.09741520704288731,Normal
13,24,1.0,0,0,0,1,1,-0.09326045915803727,Normal
13,25,0.9935,18,0,1,0,0,0.09813543905621558,Normal
13,25,1.0,0,0,0,1,1,-0.09326045915803727,Normal
13,26,0.9938,19,0,1,0,0,0.0970823659155402,Normal
13,26,1.0,0,0,0,1,1,-0.09326045915803727,Normal
13,27,0.994,17,0,1,0,0,0.09996585555522952,Normal
13,27,1.0,0,0,0,1,1,-0.09326045915803727,Normal
13,28,0.9942,18,0,1,0,0,0.09997400861028971,Normal
13,28,1.0,0,0,0,1,1,-0.09326045915803727,Normal
13,29,0.9943,17,0,1,0,0,0.09986742824063322,Normal
13,29,1.0,0,0,0,1,1,-0.09326045915803727,Normal
13,30,0.9945,18,0,1,0,0,0.09754727885401904,Normal
13,30,1.0,0,0,0,1,1,-0.09326045915803727,Normal
13,31,0.9839,9,0,1,0,1,-0.04982145178430197,Normal
13,31,1.0,0,0,0,1,1,-0.09326045915803727,Normal
13,32,1.0,0,0,0,1,1,-0.09326045915803727,Normal
13,33,1.0,0,0,0,1,1,-0.09326045915803727,Normal
14,0,1.0,15,3,1,0,0,0.03793131858737331,Normal
14,0,1.0,49,0,0,1,1,-0.07863258067951828,Resource Exhaustion
14,1,1.0,17,0,1,0,0,0.05640008606171476,Normal
14,1,1.0,55,0,0,1,1,-0.08128174512436914,Resource Exhaustion
14,2,1.0,18,0,1,0,0,0.05640008606171476,Normal
14,2,1.0,54,0,0,1,1,-0.08128174512436914,Resource Exhaustion
14,3,1.0,18,0,1,0,0,0.05640008606171476,Normal
14,3,1.0,52,0,0,1,1,-0.08035438640762071,Resource Exhaustion
14,4,1.0,18,0,1,0,0,0.05640008606171476,Normal
14,4,1.0,54,0,0,1,1,-0.08128174512436914,Resource Exhaustion
14,5,0.99,18,0,1,0,0,0.08004291832044153,Normal
14,5,1.0,147,0,0,1,1,-0.12784697256066457,Resource Exhaustion
14,6,0.9917,18,0,1,0,0,0.08701137922753188,Normal
14,6,1.0,264,0,0,1,1,-0.09641291465975665,Resource Exhaustion
14,7,0.9923,18,0,1,0,0,0.0880888168730033,Normal
14,7,1.0,257,0,0,1,1,-0.09641291465975665,Resource Exhaustion
14,8,0.9933,18,0,1,0,0,0.09886483640343868,Normal
14,8,1.0,282,0,0,1,1,-0.09641291465975665,Resource Exhaustion
14,9,0.9941,18,0,1,0,0,0.10025649605387754,Normal
14,9,1.0,285,0,0,1,1,-0.09641291465975665,Resource Exhaustion
14,10,0.9947,18,0,1,0,0,0.09868486760992434,Normal
14,10,1.0,259,0,0,1,1,-0.09641291465975665,Resource Exhaustion
14,11,0.9952,19,0,1,0,0,0.09362794955917164,Normal
14,11,1.0,270,0,0,1,1,-0.09641291465975665,Resource Exhaustion
14,12,0.9957,18,0,1,0,0,0.09860601909877065,Normal
14,12,1.0,218,0,0,1,1,-0.09641291465975665,Resource Exhaustion
14,13,0.9958,18,0,1,0,0,0.09915829986077629,Normal
14,13,1.0,157,0,0,1,1,-0.11993681050745453,Resource Exhaustion
14,14,0.9962,17,0,1,0,0,0.10131664504652171,Normal
14,14,1.0,244,0,0,1,1,-0.09641291465975665,Resource Exhaustion
14,15,0.9964,19,0,1,0,0,0.09869220999588668,Normal
14,15,1.0,228,0,0,1,1,-0.09641291465975665,Resource Exhaustion
14,16,0.9967,17,0,1,0,0,0.1014541792649154,Normal
14,16,1.0,208,0,0,1,1,-0.09641291465975665,Resource Exhaustion
14,17,0.9968,18,0,1,0,0,0.10271417791974935,Normal
14,17,1.0,222,0,0,1,1,-0.09641291465975665,Resource Exhaustion
14,18,0.997,18,0,1,0,0,0.10305326023781114,Normal
14,18,1.0,214,0,0,1,1,-0.09641291465975665,Resource Exhaustion
14,19,0.9971,19,0,1,0,0,0.09814422503004816,Normal
14,19,1.0,204,0,0,1,1,-0.09641291465975665,Resource Exhaustion
14,20,0.9973,18,0,1,0,0,0.10610133481766859,Normal
14,20,1.0,212,0,0,1,1,-0.09641291465975665,Resource Exhaustion
14,21,0.9974,17,0,1,0,0,0.1057034717732463,Normal
14,21,1.0,223,0,0,1,1,-0.09641291465975665,Resource Exhaustion
14,22,0.9975,18,0,1,0,0,0.10400833335040593,Normal
14,22,1.0,208,0,0,1,1,-0.09641291465975665,Resource Exhaustion
14,23,0.9976,19,0,1,0,0,0.10110713625382561,Normal
14,23,1.0,222,0,0,1,1,-0.09641291465975665,Resource Exhaustion
14,24,0.9977,18,0,1,0,0,0.10589860646052579,Normal
14,24,1.0,254,0,0,1,1,-0.09641291465975665,Resource Exhaustion
14,25,0.9978,18,0,1,0,0,0.10917145737833023,Normal
14,25,1.0,262,0,0,1,1,-0.09641291465975665,Resource Exhaustion
14,26,0.9979,18,0,1,0,0,0.10736601000973206,Normal
14,26,1.0,269,0,0,1,1,-0.09641291465975665,Resource Exhaustion
14,27,0.998,18,0,1,0,0,0.10767467688327065,Normal
14,27,1.0,287,0,0,1,1,-0.09641291465975665,Resource Exhaustion
14,28,0.9961,18,0,1,0,0,0.1030532087643854,Normal
14,28,1.0,274,0,0,1,1,-0.09641291465975665,Resource Exhaustion
14,29,0.9962,19,0,1,0,0,0.09800495513423735,Normal
14,29,1.0,276,0,0,1,1,-0.09641291465975665,Resource Exhaustion
14,30,0.9964,18,0,1,0,0,0.10199940636431748,Normal
14,30,1.0,250,0,0,1,1,-0.09641291465975665,Resource Exhaustion
14,31,0.9911,9,0,1,0,1,-0.023693911878571727,Normal
14,31,1.0,252,0,0,1,1,-0.09641291465975665,Resource Exhaustion
14,32,1.0,269,0,0,1,1,-0.09641291465975665,Resource Exhaustion
14,33,1.0,102,0,0,1,1,-0.10771742755440061,Resource Exhaustion
15,0,1.0,16,2,1,0,0,0.04477795742112156,Normal
15,1,1.0,18,0,1,0,0,0.05640008606171476,Normal
15,2,1.0,18,0,1,0,0,0.05640008606171476,Normal
15,3,1.0,18,0,1,0,0,0.05640008606171476,Normal
15,4,1.0,18,0,1,0,0,0.05640008606171476,Normal
15,5,1.0,18,0,1,0,0,0.05640008606171476,Normal
15,6,1.0,18,0,1,0,0,0.05640008606171476,Normal
15,7,1.0,18,0,1,0,0,0.05640008606171476,Normal
15,8,1.0,18,0,1,0,0,0.05640008606171476,Normal
15,9,1.0,18,0,1,0,0,0.05640008606171476,Normal
15,10,1.0,18,0,1,0,0,0.05640008606171476,Normal
15,11,1.0,18,0,1,0,0,0.05640008606171476,Normal
15,12,1.0,18,0,1,0,0,0.05640008606171476,Normal
15,13,1.0,18,0,1,0,0,0.05640008606171476,Normal
15,14,1.0,17,0,1,0,0,0.05640008606171476,Normal
15,15,1.0,19,0,1,0,0,0.05279278108998875,Normal
15,16,1.0,18,0,1,0,0,0.05640008606171476,Normal
15,17,1.0,18,0,1,0,0,0.05640008606171476,Normal
15,18,1.0,17,0,1,0,0,0.05640008606171476,Normal
15,19,1.0,18,0,1,0,0,0.05640008606171476,Normal
15,20,1.0,18,0,1,0,0,0.05640008606171476,Normal
15,21,1.0,18,0,1,0,0,0.05640008606171476,Normal
15,22,1.0,18,0,1,0,0,0.05640008606171476,Normal
15,23,1.0,18,0,1,0,0,0.05640008606171476,Normal
15,24,1.0,18,0,1,0,0,0.05640008606171476,Normal
15,25,1.0,18,0,1,0,0,0.05640008606171476,Normal
15,26,1.0,17,0,1,0,0,0.05640008606171476,Normal
15,27,1.0,18,0,1,0,0,0.05640008606171476,Normal
15,28,1.0,18,0,1,0,0,0.05640008606171476,Normal
15,29,1.0,18,0,1,0,0,0.05640008606171476,Normal
15,30,1.0,18,0,1,0,0,0.05640008606171476,Normal
15,31,0.9964,9,0,1,0,0,0.004819552641949998,Normal
16,0,1.0,240,0,0,0,1,-0.09641291465975665,Resource Exhaustion
16,1,1.0,268,0,0,0,1,-0.09641291465975665,Resource Exhaustion
16,2,1.0,270,0,0,0,1,-0.09641291465975665,Resource Exhaustion
16,3,1.0,269,0,0,0,1,-0.09641291465975665,Resource Exhaustion
16,4,1.0,271,0,0,0,1,-0.09641291465975665,Resource Exhaustion
16,5,1.0,271,0,0,0,1,-0.09641291465975665,Resource Exhaustion
16,6,1.0,270,0,0,0,1,-0.09641291465975665,Resource Exhaustion
16,7,1.0,267,0,0,0,1,-0.09641291465975665,Resource Exhaustion
16,8,1.0,273,0,0,0,1,-0.09641291465975665,Resource Exhaustion
16,9,1.0,268,0,0,0,1,-0.09641291465975665,Resource Exhaustion
16,10,1.0,272,0,0,0,1,-0.09641291465975665,Resource Exhaustion
16,11,1.0,271,0,0,0,1,-0.09641291465975665,Resource Exhaustion
16,12,1.0,269,0,0,0,1,-0.09641291465975665,Resource Exhaustion
16,13,1.0,270,0,0,0,1,-0.09641291465975665,Resource Exhaustion
16,14,1.0,267,0,0,0,1,-0.09641291465975665,Resource Exhaustion
16,15,1.0,273,0,0,0,1,-0.09641291465975665,Resource Exhaustion
16,16,1.0,268,0,0,0,1,-0.09641291465975665,Resource Exhaustion
16,17,1.0,271,0,0,0,1,-0.09641291465975665,Resource Exhaustion
16,18,1.0,267,0,0,0,1,-0.09641291465975665,Resource Exhaustion
16,19,1.0,273,0,0,0,1,-0.09641291465975665,Resource Exhaustion
16,20,1.0,272,0,0,0,1,-0.09641291465975665,Resource Exhaustion
16,21,1.0,267,0,0,0,1,-0.09641291465975665,Resource Exhaustion
16,22,1.0,271,0,0,0,1,-0.09641291465975665,Resource Exhaustion
16,23,1.0,271,0,0,0,1,-0.09641291465975665,Resource Exhaustion
16,24,1.0,271,0,0,0,1,-0.09641291465975665,Resource Exhaustion
16,25,1.0,269,0,0,0,1,-0.09641291465975665,Resource Exhaustion
16,26,1.0,270,0,0,0,1,-0.09641291465975665,Resource Exhaustion
16,27,1.0,269,0,0,0,1,-0.09641291465975665,Resource Exhaustion
16,28,1.0,270,0,0,0,1,-0.09641291465975665,Resource Exhaustion
16,29,1.0,269,0,0,0,1,-0.09641291465975665,Resource Exhaustion
16,30,1.0,245,0,0,0,1,-0.09641291465975665,Resource Exhaustion
16,31,1.0,112,0,0,0,1,-0.10771742755440061,Resource Exhaustion
